primaryOfficeId,givenNames,familyName,role,type,mobile,email,password
CRVS_OFFICE_JWMRGwDBXK,Kalusha,Bwalya,FIELD_AGENT,Social Worker,0911111111,test@test.org,test
CRVS_OFFICE_JWMRGwDBXK,Felix,Katongo,REGISTRATION_AGENT,Registration Agent,0922222222,test@test.org,test
CRVS_OFFICE_JWMRGwDBXK,Kennedy,Mweene,LOCAL_REGISTRAR,Local Registrar,0933333333,test@test.org,test
CRVS_OFFICE_JWMRGwDBXK,Emmanuel,Mayuka,LOCAL_SYSTEM_ADMIN,Local System Admin,0921681112,test@test.org,test
CRVS_OFFICE_2OKicPQMNI,Jonathan,Campbell,NATIONAL_SYSTEM_ADMIN,National System Admin,0921111111,test@test.org,test
CRVS_OFFICE_okQp4uKCz0,Patrick,Gondwe,FIELD_AGENT,Local Leader,0912121212,test@test.org,test
CRVS_OFFICE_okQp4uKCz0,Joshua,Mutale,REGISTRATION_AGENT,Registration Agent,0923232323,test@test.org,test
CRVS_OFFICE_okQp4uKCz0,Derrick,Bulaya,LOCAL_REGISTRAR,Local Registrar,0934343434,test@test.org,test
CRVS_OFFICE_okQp4uKCz0,Alex,Ngonga,LOCAL_SYSTEM_ADMIN,Local System Admin,0978787878,test@test.org,test
CRVS_OFFICE_2OKicPQMNI,Edgar,Kazembe,PERFORMANCE_MANAGEMENT,Performance Manager,0977777777,test@test.org,test
CRVS_OFFICE_2OKicPQMNI,Joseph,Musonda,NATIONAL_REGISTRAR,National Registrar,0915151515,test@test.org,test